1,Chatree,Yukonchai,M,Chatree.Y@gmail.com,Ang Thong,Mueang,14000,084-3849531,FALSE
2,Chawalya,Lerdyod,F,Chawalya.L@gmail.com,Nakhon Ratchasima,Mueang,30280,093-4773128,FALSE
3,Kanokwan,Trajit,F,Kanokwan.T@gmail.com,Songkhla,Mueang,90000,062-4847294,TRUE
4,Trirak,Kwandee,M,Trirak.K@gmail.com,Bangkok,Khlong San,10600,082-4429829,FALSE
5,Manatchaya,Jingjai,F,Manatchaya.J@gmail.com,Nonthaburi,Pak Kret,11120,084-7398573,FALSE
6,Sujarit,Kiddee,M,Sujarit.K@gmail.com,Khon Kaen,Ban Fang,40270,070-8737439,FALSE
7,Rakdee,Kaokrai,N,Rakdee.K@gmail.com,Bangkok,Bang Kapi,10310,094-3849332,TRUE
8,Rujiras,Sangchart,M,Rujiras.S@gmail.com,Sakon Nakhon,Mueang,47000,094-8274224,FALSE
9,Tasakporn,Tanatdee,F,Tasakporn.T@gmail.com,Bangkok,Khlong Toei,10110,084-2784298,TRUE
10,Manothai,Vilailak,M,Manothai.V@gmail.com,Khon Kaen,Mueang,40000,084-2794279, FALSE
11,Vijitra,Kanchai,F,Vijitra.K@gmail.com,Nakhon Ratchasima,Chok Chai,30190,094-9830953,TRUE
12,Oranee,Eakkarat,F,Oranee.E@gmail.com,Samut Prakan,Bang Bo,10270,097-6356463, FALSE
13,Ittiwat,Panrojana,N,Ittiwat.P@gmail.com,Nonthaburi,Bang Bua Thong,11110,075-8798342,TRUE
14,Sontaya,Pongvijit,M,Sontaya.P@gmail.com,Sakon Nakhon,Kusuman,47210,098-7423663,FALSE
15,Waratchai,Jaidee,M,Waratchai.J@gmail.com,Bangkok,Khlong San,10600,088-3975738,TRUE
16,Maitee,Haikan,M,Maitee.H@gmail.com,Chiang Mai,Mueang,50000,096-6924829,FALSE
17,Pongpat,Raksorn,M,Pongpat.R@gmail.com,Chiang Mai,Mae Rim,50180,094-2746374,TRUE
18,Lachaya,Intharat,F,Lachaya.I@gmail.com,Chaiyaphum,Mueang,36000,094-2748632,TRUE
19,Chanatda,Pongvivat,F,Chanatda.P@gmail.com,Surat Thani,Mueang,84000,094-3848384,TRUE
20,Kaisorn,Wongthep,M,Kaisorn.W@gmail.com,Bangkok,Phaya Thai,10400,092-6363248,TRUE
21,Kanisorn,Puttaruksa,M,King.James@gmail.com,Bangkok,Klong Toei,10110,069-7009678,False
